Patient_ID,ATP5F1B,CAPZB,CAT,CCDC124,CCT3,CCT7,CCT8,CDC73,CHD4,COPA,COPB1,COPG1,CORO1B,CPSF6,CS,DARS1,DDOST,DDX17,DHX9,DYNC1H1,EEF2,EFTUD2,EIF3A,EIF3F,EIF3I,EIF3L,ELAVL1,HBB,HDLBP,HNRNPK,HNRNPR,HNRNPUL2,HSPA9,IARS1,ILF2,ILF3,MAP4,MAT2B,MATR3,PABPC1,PCBP2,PPP1CC,PPP2R1A,PRKDC,PSMA2,PSMA3,PSMA6,PSMB3,PSMC2,PSMD11,PSMD12,PSMD2,PSMD3,PTBP1,RARS1,RBM39,RPL10,RPL12,RPL13,RPL14,RPL18,RPL24,RPL4,RPL6,RPL7,RPN1,RPN2,RPS12,RPS13,RPS19,RPS5,RPS7,RPSA,SARNP,SEC22B,SF3A1,SF3B1,SFPQ,SNX2,SRP14,STIP1,TCERG1,TUBA1B,TUBB4B,TUFM,UQCRFS1,USP14,XRCC5,XRCC6,YWHAE
,-4.334542444,-4.114215477,-2.987042846,-0.305331493,3.901613003,-3.558753146,-1.282136308,1.421449418,0.231648518,2.690433875,-3.52066015,4.234108683,-2.794011529,0.426539058,2.374452814,3.488095416,-3.081765432,4.980397733,-3.486417288,-3.36271602,-2.778535819,0.968909241,1.945264347,1.844879769,-2.589695052,1.416646409,0.837947708,-4.163257542,-0.997039234,-2.305766637,3.169317058,0.235679598,-2.986039214,-3.466434633,-3.117383306,-3.253180457,-3.277023438,-3.403891141,-1.26396894,2.06576296,-2.112868093,-1.92782131,-0.975430363,4.840977766,-3.914358591,1.611469015,-3.508951284,2.626093591,-4.364219832,4.949479207,-0.629955911,4.95481709,1.527403965,-1.483785182,0.25081451,-2.516813491,-3.203956905,1.866641096,-2.936360732,-2.121018986,-4.007599325,-2.720182394,-3.502338042,-2.958594793,3.107717722,-3.035066503,-0.943293587,-3.49101896,-3.559618036,-2.008699854,0.642129734,-0.41316322,-3.202687839,0.093321443,-2.33233492,-1.482243758,4.911905708,4.449219467,-3.63477951,-1.918203031,1.463364637,-1.199723969,-4.751123092,-4.755096633,-3.036850398,-2.882585108,-2.903111434,-1.068257424,0.814086851,-3.292577622
285397,0.445093146,0.568710659,-0.077069365,0.397344346,0.109985533,0.462996766,0.241657647,-0.222304801,-0.615263789,0.750530972,1.023298313,0.137021323,0.595378897,-0.10877968,0.50263009,0.191090097,0.772231527,-0.021969164,0.481336158,0.342022022,0.856057466,0.64096582,0.60429562,0.549399316,0.592735884,0.728532898,0.7620309,0.201811022,1.264939141,0.52261402,0.188217438,-0.397645315,0.868188146,0.935936749,0.460830057,0.595316735,0.21862891,0.088302885,0.626299716,0.735649016,0.846892861,0.999703197,1.230145463,0.02914697,0.403939385,0.445021536,0.658984209,0.532741811,0.028541451,0.103187713,0.48588622,-0.100835455,0.076687551,0.807659106,0.457460989,0.135140413,0.877466849,0.873110879,0.670739341,0.925101548,0.686891732,0.956245654,0.78856753,0.690438742,0.616617743,0.550402285,0.775798741,0.980754226,0.786089138,-0.005517181,0.989368087,0.69136675,0.520145365,-0.118560615,0.665117273,-0.382749064,0.02632333,0.150136703,0.146103821,0.903882406,0.752961967,-0.124404992,0.394689058,0.373724749,0.384808014,0.558342267,0.497681548,-0.301508609,0.41955461,0.912259249
285315,1.048718942,1.221222675,-0.205436427,0.634702456,0.91633155,1.22795929,1.462750505,0.88694354,1.858851308,1.276152524,1.316826401,0.808821815,1.539814139,0.546088641,1.414423132,0.963227467,1.312233753,0.494348606,1.596005658,1.681664107,1.524514329,1.573715317,1.566018637,1.466848293,1.705712174,1.603475451,1.592660887,-0.109196315,1.260310095,1.490727531,1.303636109,1.4865636,1.469136935,1.201598479,1.254995015,1.311308255,0.753490709,1.440801785,1.702109426,1.470597159,1.747438098,1.726677276,1.509647793,0.594036356,0.966973116,1.256788676,1.119317245,1.258549536,1.015156016,0.369216682,1.275977398,0.362400061,1.164124825,1.829952514,1.613025985,1.436330395,1.507779759,1.43374791,1.418854733,1.719000424,1.215142563,1.610291251,1.422380037,1.422215238,1.221867691,1.421348846,1.382354461,1.299435847,1.209677212,1.758164241,1.711863584,1.683712724,1.359353944,0.443063491,1.730073506,0.581458643,0.513880481,0.818922153,1.758808434,1.620543511,1.326333797,0.431874625,1.043813309,0.92547529,1.481247442,1.253656341,1.461430051,1.867936875,1.791309379,0.849197762
290884,-0.345861038,-0.100210728,1.160480104,0.06805094,-0.399016026,0.000114214,-0.313423296,-3.692478985,-0.450832486,-0.548909215,-0.190267675,-0.410531262,0.18306287,-0.684921045,-0.397118722,-0.511723761,-0.346312083,-0.534141011,-0.521263275,-0.329808194,-0.624110545,-1.326953232,-1.140034245,-0.602979716,-0.753351885,-0.194878918,-0.929981351,0.953052631,-0.392153013,-0.632444456,-0.994829297,-0.072008113,-0.680837603,-0.175262136,-0.976556963,-0.517497083,0.299095435,0.059712734,-0.671285251,-0.648919902,-0.301295114,-1.008799445,-0.101052392,-0.512084171,0.108672512,-0.035401099,0.19230512,-0.364187674,0.011499452,-0.414080474,-0.315719969,-0.202947627,-0.70293613,-0.470692978,-0.375168283,-0.415275636,-0.289099268,-0.556340144,-0.101423141,-0.351803671,-0.387964097,-0.242811274,-0.212248203,-0.25081579,-0.623580733,-0.376646561,-0.183280363,-0.324025219,-0.222574296,-0.087920311,-0.877815453,-0.564603532,-0.355205759,-0.155289279,-0.461476995,-0.325757083,-0.414291178,-0.593995173,0.217664029,-0.375369373,0.004309614,-3.642264255,-0.039889342,-0.260121032,-0.34525496,-0.10667601,0.277487447,-0.753704647,-0.543479274,-0.036403294
290339,-0.019407047,0.511191379,1.165420619,0.201555196,0.118438329,0.434794456,0.057804173,0.456983247,0.3824271,-0.071293084,0.054854614,0.056748427,-0.298264948,0.459549295,-0.061914605,-0.129158772,0.068972636,-0.111310121,0.170204723,0.234305841,0.349042272,0.183573704,-0.137266836,-0.030989262,0.001815826,-0.02421439,0.227776155,0.860495931,0.217449092,0.122041515,-0.428377338,0.354146843,0.158992396,0.173107825,-0.013579065,0.245018758,0.287351007,0.064313573,0.205237117,0.209464353,0.278636561,0.398861193,0.6405425,-0.077869088,0.150841343,0.061735965,0.135802219,0.043438465,0.117879803,0.044063076,0.016249862,-0.064264363,-0.010205816,0.319895365,0.131465082,0.199598753,0.486953361,0.212552574,0.431725493,0.319097958,0.343788405,0.5308945,0.3973849,0.071871664,0.221864002,0.07370741,-0.134345285,0.600768325,0.358532613,0.622190401,0.498427213,0.163661623,-0.032362318,0.368030302,0.163710235,0.42593206,-0.140506713,-0.072996894,0.356107555,0.137942157,0.140747397,0.483684908,0.141531055,0.038791268,-0.056918985,0.375962845,0.433024761,-0.095585245,-0.051302651,0.623748774
291429,0.840459972,1.280971327,0.786339231,0.980844765,0.822658501,1.360683817,1.55370875,1.193992037,1.472109631,1.037247062,0.948408276,0.602481265,0.946086214,1.190272657,1.184035841,0.935832196,1.155684911,0.382408126,1.064031991,1.374119195,1.184793055,1.351878738,1.346503972,1.226345488,1.546007606,1.354960584,1.485481727,0.803818134,1.846936533,1.279790948,0.872441695,1.538952501,1.03912507,1.157698356,1.107268718,1.200609575,1.153729021,1.423728373,1.490784448,1.285501144,1.205564797,1.250584673,1.460519656,0.357542403,0.686734667,1.02293071,0.919252491,1.020350388,0.933784012,0.350025267,1.289931502,0.366064132,1.183783708,1.520534203,1.229253012,1.068547746,1.29535864,1.213922874,1.316680046,1.325232707,1.178498947,1.430356605,1.237890401,1.370541747,1.156586656,1.141642901,1.117336541,1.211850776,1.300616232,1.61006012,1.474233291,1.540124887,1.062330653,1.109808585,1.428297023,1.722814852,0.415473224,0.662413995,0.810979205,1.30989766,1.391395743,1.242885099,0.799826523,0.802318578,1.314353303,1.299576031,1.275424408,1.157380187,0.950010325,1.303546196
281370,0.210101383,-0.271223862,-0.258454322,0.464002473,-0.275508006,-0.269015941,-0.204681233,0.254634109,-0.624879061,0.03506568,0.332928057,-0.021604497,0.401698758,-0.140468592,-0.335636336,-0.234632783,-0.0624814,-0.246271953,0.078193758,-0.038739228,-0.127630497,-0.382561279,-0.247007748,-0.241316165,0.116402376,-0.082248538,-0.352607839,-0.159958572,0.162722732,0.116817603,-0.311083855,-0.648521113,-0.294221367,-0.179457096,-0.037387001,-0.258931488,0.48637988,-0.024957657,-0.499733084,-0.128960263,-0.390133852,-0.62369404,-0.976275583,-0.298173745,0.097897771,-0.342943491,-0.145139961,-0.52172907,0.055363324,-0.304770743,0.01851183,-0.332911351,-0.038494656,-0.088889621,-0.235082883,-0.102517912,-0.273718116,-0.576635158,0.476310734,0.087233093,0.146360723,-0.303281348,0.048780084,0.199990854,-0.223859051,0.214976266,0.275865385,-0.343758999,0.138420433,0.128848171,-0.622359075,0.040432688,0.293181457,0.226401554,0.059083681,0.053122151,-0.158542916,-0.248994917,0.03089538,0.043585954,-0.439738179,0.248983018,-0.017901554,0.173828263,-0.036464981,-0.005099152,-0.662864839,-0.015568194,-0.289547034,-0.571666203
275052,-0.282998128,-0.742568911,-0.255055836,-0.89928843,-1.112606779,-0.911222083,-1.198012722,-0.987476222,-1.685375756,-1.377617528,-0.898012487,-1.363981573,-1.523932946,-0.92119888,-0.692610897,-1.161311645,-0.829895292,-0.73661453,-0.807628329,-1.078782262,-0.925546082,-1.523286922,-1.32857382,-1.518905636,-0.98600842,-1.746196211,-1.54779765,0.152734648,-1.996590589,-1.525130306,-1.270174766,-1.402243543,-1.020319987,-0.685693793,-0.94587071,-1.364783346,-1.1696442,-0.981183467,-1.49477237,-1.508291721,-1.11101599,-0.903398951,-1.269435249,-0.787632338,-1.204630366,-1.877793801,-1.191992069,-1.428924077,-0.802791878,-0.719702195,-1.28715504,-0.709195944,-1.516601717,-1.694418316,-1.295778088,-1.174065245,-1.219032787,-1.003507538,-1.366167356,-1.119737738,-0.942195755,-1.310122454,-1.193796591,-1.235461349,-1.488878228,-1.042400319,-1.435339563,-0.997128391,-0.971414491,-1.369286942,-1.504567703,-1.509458221,-0.866940888,-0.977532578,-1.445844943,-1.13691482,-0.711160806,-1.042939915,-1.414381177,-1.519674184,-1.586816743,-0.716667919,-0.552889679,-0.552787741,-0.958984372,-0.553545319,-1.256273953,-1.529603171,-1.694896243,-1.000907088
277302,1.246565481,0.346737092,0.538358459,-0.2803216,0.651287855,0.854218591,1.24425978,0.854742852,1.42867605,1.473218858,1.676397882,0.97554157,-0.033501548,1.100203572,1.320406025,1.575951851,2.129491164,0.389032383,1.323985982,1.365241452,1.714085657,1.356700458,1.367354984,1.524939093,1.623690417,1.679067334,1.073909579,0.417434531,1.645362546,0.84538555,1.128024047,1.441003067,1.333957005,1.721917302,1.551333296,1.112469354,0.101617679,0.827051936,0.963461174,1.282018274,1.366046574,1.071276329,0.797241653,0.641604251,0.56377156,0.226685959,0.628260654,0.262624365,1.036302462,0.335852591,1.624806672,0.594339795,1.596704065,0.518792402,1.713322514,1.3516741,1.31013393,1.722459449,0.482912236,1.657585416,1.005775529,0.224863327,0.647400706,1.040033353,0.872752571,2.069685639,2.59147138,1.329719426,0.863037712,-0.055763261,1.132248738,1.366946674,1.785166685,-0.283600789,0.455479593,1.20716373,0.517127375,0.433155076,-0.559391275,0.918363996,0.396001456,0.997551121,0.995809361,1.010625737,1.681426267,2.109823215,1.200882399,1.798491331,1.612639817,0.556645905
290023,0.01965063,0.601759239,-0.135032571,0.225487335,-0.23520646,-0.088353186,0.153040752,-0.534461343,-0.117058321,-0.106280819,0.088195313,-0.124982205,0.940649918,0.054621701,-0.175253821,-0.190814631,-0.259907652,-0.203437286,-0.156906751,0.162032232,0.327778537,-0.268825836,-0.180741352,-0.225685767,-0.133068931,0.004239114,-0.240735018,0.144397783,-0.611579868,0.179103931,-0.302876452,-0.096008696,0.04228826,-0.012563266,0.44012251,0.403854376,0.148610201,0.257455361,-0.334680035,-0.139875576,0.023797584,0.162851494,-0.141263998,-0.237669922,0.538147578,0.228949446,0.46111211,-0.103679643,-0.011299026,-0.166784171,-0.142623892,-0.214734923,-0.162902921,-0.05602041,-0.189132777,0.045462998,0.105392554,-0.346650874,-0.019891637,-0.137852986,0.059296291,-0.003531548,0.108172867,0.207341526,-0.24692338,-0.065941281,-0.255468487,0.249429611,0.188920119,-0.183292318,-0.307075674,0.048948598,0.047875292,0.256913653,0.514177407,-0.010611862,-0.219683307,-0.160736356,1.086965157,-0.370568733,0.125792091,0.123546304,0.292419148,0.201296383,0.07931762,-0.088095466,0.222139526,-0.249744568,-0.228968465,0.309838681
292807,-0.465611911,-0.134931694,-1.196964265,0.049041728,-0.567768223,-0.324039505,-0.587904404,-0.132719255,-0.289027951,-0.38354293,-0.095187558,-0.183218251,-0.858172137,0.113769559,-1.077308026,-0.287552104,-0.091491548,-0.399501815,-0.279686835,-0.034852227,-0.113070335,-0.756161726,-0.635584403,-0.486871267,-0.533763214,-0.631020371,-0.267646952,-1.090479365,0.253069496,-0.459096867,-0.323017149,-0.113859934,-0.402003765,0.044896366,-0.184931152,-0.185689504,0.376102131,-0.384378602,-0.130950221,-0.309861317,-0.406984171,-0.159172552,-0.073660336,-0.31946308,-0.240181105,-0.729909518,-0.399947311,-0.546307851,-0.451485427,-0.39341355,-0.712708405,-0.490157167,-0.681124915,-0.196089977,-0.100402447,-0.471566909,0.1656821,-0.06178227,-0.02027019,-0.009523853,0.07241237,0.097434276,0.071644977,-0.051374073,-0.096240586,-0.186533985,-0.283262459,0.11968557,0.009030596,0.202356178,-0.064518515,-0.051964014,0.047820019,-0.040104518,-0.33937893,-0.237570137,-0.403574799,-0.258763964,-0.318647167,0.019700236,-0.560169722,0.102131878,0.003262199,-0.103632201,-0.378518849,-0.223428238,-0.665185339,-0.364663025,-0.451601784,-0.688985762
285637,-0.523898956,-0.548062204,-1.060012784,-0.522794668,-1.014448635,-0.82660136,-0.949887208,-0.031937812,-0.291149673,-1.150305438,-0.55065819,-0.934858118,0.184998287,-0.03927947,-1.401599907,-0.878859576,-0.803816925,-0.57063032,-0.617127615,-1.009814216,-0.873223409,-0.768192044,-0.935124584,-0.96756328,-0.362099592,-0.790584104,-1.16430125,-0.649859091,-1.009491822,-0.917208352,-0.725864947,-1.087574401,-0.626563021,-0.646622986,-0.236163589,-0.157976006,-0.544912275,-0.34179966,-1.033513666,-1.12135699,-1.174193136,-0.832240142,-0.94444194,-0.561918698,-0.102392523,-0.574605895,-0.21561404,-0.606889441,-0.4644212,-0.624109235,-1.02546755,-0.59808742,-1.041823436,-0.932445184,-1.055018021,-0.29847658,-1.144371647,-1.121787588,-0.623377148,-1.368682336,-0.412603355,-0.749899037,-0.624792911,-0.927831623,-1.128997578,-0.816597905,-0.941250898,-0.695697821,-0.545981868,-0.389779836,-1.260276223,-0.931041167,-0.882884112,-0.188132713,-0.75955519,-0.818376147,-0.508679521,-0.700022645,0.613070655,-0.613078406,-0.895310668,-0.171758846,-0.438972789,-0.362689503,-0.819389832,-1.095742908,-0.791118986,-0.724075346,-0.867779063,-0.395455229
284974,0.838594936,0.638955719,0.242563859,0.399732232,0.617318221,0.900894185,1.003478207,0.551947063,0.842238198,1.039103836,1.019498407,0.710846468,0.494381121,0.866315012,0.872230497,0.966040505,1.159439899,0.163664882,0.726643854,0.72327869,1.309795621,0.852078734,1.180218216,0.876720877,1.026361481,0.904625076,0.638010451,0.072024197,1.483070632,0.907111061,0.601732538,0.909806828,0.881852188,1.047272579,0.912835499,0.706524952,0.831752842,0.718538589,0.655182055,0.683085383,0.886642522,1.274209894,0.852528707,0.166316447,0.912770657,0.867415901,0.56731065,0.751206974,0.616656051,0.021142036,1.086104804,0.18424955,0.809770373,0.950985586,1.314334579,0.817473803,1.046383033,0.981888025,0.936940261,1.089880917,0.874331464,1.049940439,1.082325264,1.194886145,0.638554693,1.285382831,1.298927203,1.036616144,0.944780802,0.466471795,0.907527695,1.268745662,1.261865247,0.757677238,0.918285808,0.865041561,0.144901305,0.472290145,0.069979009,0.971863466,0.987741023,0.758194553,0.92747911,0.834890279,0.800767576,0.707031723,1.458416061,0.87576658,0.761833494,1.077609377
283335,-0.449191541,-1.008604577,-0.817713517,-0.525839102,-1.420691412,-1.046649178,-1.667906594,-0.716805324,-0.714848246,-1.071840828,-0.549816231,-0.885308326,-0.963178121,-3.851332563,-0.316416137,-1.029440866,-1.011016346,-0.611620159,-1.091651686,-0.834263117,-0.953172824,-0.870747481,-0.886637813,-0.940095277,-0.98481657,-1.142257554,-1.443475626,-0.099435397,-0.696856247,-1.085130411,-0.810424057,-1.339719284,-0.465384297,-0.555278145,-0.490077867,-0.54794427,-1.196570659,-0.615269782,-1.17532524,-1.212605405,-1.035216727,-1.085477799,-1.349536621,-0.649209906,-0.611242744,-1.355364031,-0.751263711,-1.384479111,-0.808766601,-0.913179358,-1.567048679,-0.84837429,-1.346730073,-1.219301325,-1.364408698,-0.703119166,-0.809690247,-1.037481568,-0.90943917,-1.030983668,-0.747815212,-0.778289466,-0.639789906,-0.850333225,-1.287373728,-0.762345971,-0.900303113,-0.867185319,-0.626980613,-0.851054433,-1.109983848,-1.317218961,-0.949626624,-0.276645407,-1.375041501,-0.718071353,-0.537088983,-0.867007595,-0.776199278,-0.967934031,-1.425759768,-0.531198806,-0.395513418,-0.259460194,-0.403627115,-0.885694561,-1.083115212,-1.055804025,-1.091395311,-0.841492278
288996,-0.02395334,-0.588081014,0.862325359,-4.609174082,-0.361070192,-0.331280063,-0.313269361,-0.299808783,-0.172839114,0.157167037,0.323731766,-0.072657965,-1.39948345,-0.853645282,-0.4609987,-0.165841488,0.321820811,-0.317314781,0.099381409,-0.3111232,-0.151684951,0.070742183,-0.774558317,-0.381375385,-0.176614844,-0.43692831,-0.708784181,0.73709202,0.056886339,-0.682007984,-0.692229888,-0.2822357,-0.197981664,0.333858292,-0.833244797,-1.30378298,-2.829425061,-0.609380909,-0.359585398,-1.065340646,-0.11935747,-0.496185718,-0.724943078,-0.173695852,-1.910719889,-2.090716292,-1.841010142,-2.067456235,-0.073309212,-0.151736174,0.311452222,-0.20322388,0.115070646,-0.85249424,-0.114621689,-0.55733042,-0.274860657,-0.288036265,-1.901282886,-0.73866904,-0.886975807,-1.784550369,-1.494363644,-0.959754202,-1.192910676,0.18872122,0.205569098,-0.18897497,-1.258005933,-2.501790468,-1.2139608,-1.057298621,-0.16652498,-4.504420355,-0.305217735,-1.635380821,-0.307142819,-0.618275672,-0.962053961,-2.196331519,-1.919929567,-0.32806944,0.118706358,0.078822924,-0.07384083,-0.231077129,-0.206003622,-0.191457665,-0.48520876,-1.260280722
289744,0.880725896,0.58295873,0.279923148,0.781705458,1.00448686,1.331164752,1.758828929,0.993250457,1.164886656,0.347230064,0.596557499,0.102999075,-0.085597269,1.03227125,1.013347385,1.045284382,0.699638097,0.355916689,1.292535178,0.776389113,1.54946456,1.298664754,0.678527729,1.028756459,1.041139277,0.791187069,1.288985226,0.153923986,0.323631125,1.319547343,0.958261784,0.815854576,1.360246275,1.165178266,1.193313773,1.179948012,0.480834431,0.978399112,1.573432921,1.232104347,1.051741373,0.985882854,0.986148269,0.524118771,0.644768094,0.705595425,0.717193719,0.532378306,0.728000452,0.129880831,1.043175877,0.216469502,0.967258856,1.040332602,1.2402757,1.526454421,1.024183817,1.180355861,1.05231698,1.229424816,0.986917855,1.114294187,1.040551619,1.320980986,1.009758208,0.607868941,0.506076406,1.228360803,1.015889352,1.052947286,1.109626271,1.296812449,1.181655825,0.753739834,0.605917812,1.495597075,0.319727244,0.624294664,-0.17118412,1.13493704,0.415865733,1.085821271,0.6071594,0.564722092,1.120551435,0.795820598,0.914408654,0.959685855,0.910779508,0.831275966
292507,-0.824231936,-0.057544493,1.711149384,-0.355462868,-0.584998655,-0.162752943,-0.489440536,-0.830555994,-1.05128697,-1.272814221,-1.044504512,-0.983802085,-1.107246527,-0.802919442,-1.259026464,-1.124843073,-0.976139086,-0.573079231,-0.834013185,-0.844546425,-0.856996281,-1.188552785,-1.367058103,-1.630417011,-1.051897759,-1.589872535,-0.711215575,1.228890168,-1.050194789,-0.833133585,-1.083291746,-0.431517322,-0.887257453,-1.169471183,-0.827839562,-0.701391776,-0.340760008,-0.981559133,-0.609176866,-1.005899905,-0.703627996,-0.547023669,-0.355988347,-0.743223808,-0.723780516,-0.549077276,-0.789802202,-0.634342634,-0.329030642,-0.404873713,-0.954718943,-0.414424841,-0.825603284,-0.772108683,-1.368086132,-1.324017068,-0.384001172,-0.746857646,-0.676011405,-0.653509307,-0.439021666,-0.54920084,-0.403227677,-0.821449436,-0.694719374,-1.029766426,-1.462587243,-0.582844331,-0.733255978,-0.36761057,-0.461462784,-1.0969003,-0.779831936,-0.344670542,-0.709307803,-1.236527787,-0.757697002,-0.770277436,-0.451546885,-0.720636427,-0.41511227,-1.105146431,-0.32809913,-0.452137769,-1.136707439,-1.167832623,0.221515376,-1.311538442,-1.51711129,-0.42543234
286858,0.491481195,0.442719964,-0.905624435,0.449461307,0.097459452,0.586372862,0.163391693,0.220759607,0.058542594,-0.553516511,-0.256516153,-0.395982964,0.961432342,0.411252411,1.333868259,-0.456845091,-0.479400607,-0.267079355,-0.007202087,0.744140657,0.202262928,0.002034349,-0.02365422,-0.0540459,0.351131301,-0.053237158,0.232688096,-0.765576611,-1.16297371,-0.391495865,-0.265320574,0.377505432,1.374732489,0.020611148,-0.197208289,0.180965393,0.47971544,0.139933856,0.22020754,0.14586623,0.210572802,0.57104748,0.764614053,-0.219523161,0.633698112,0.90056455,1.032757105,0.89589486,0.45099829,0.207149953,0.517021474,0.031673715,0.712872525,-0.35260142,0.668163639,-0.160216883,0.038810889,-0.159229211,-0.237802249,-0.068292558,-0.078516897,0.064390083,0.038766513,-0.15756604,-0.145528515,-0.695444426,-0.642691848,0.242661111,-0.105738515,0.376043516,0.398846709,-0.484203292,-0.579532846,0.295991952,0.313839658,0.028797768,-0.324552013,-0.293979418,0.270921005,-0.023098983,1.089373398,0.287130587,-0.140785016,0.011062901,0.208614445,1.005597142,0.62676265,-0.339664333,-0.420667782,0.441122319
289008,0.173187767,0.0556068,-1.262738664,0.115828988,-0.162564008,0.060869212,-0.175415745,-0.027147015,0.167645276,-0.244035614,0.218186865,-0.173379107,0.712451205,0.357990721,-0.596977602,-0.112987021,-0.049686748,-0.155602656,0.255590408,0.13123513,-0.215070747,0.131939671,-0.053466988,0.151800903,0.361519111,0.152028173,-0.003985495,-1.005991604,-0.107268337,0.252778867,0.165815902,-0.619966116,0.208525589,-0.240058214,0.506303029,0.43588263,0.15463643,0.752804683,-0.202678234,-0.138371473,-0.271928785,-0.347495688,-0.35480415,-0.072835677,0.437580926,-0.132767692,-0.106921313,0.029454534,0.243068698,-0.25072465,0.015452829,-0.198555805,0.310937914,0.412564674,0.154528697,0.294491949,-0.39674386,-0.666671207,0.254302442,-0.345770804,0.184895285,-0.057951212,-0.133278035,0.100878454,-0.404817606,-0.051994438,0.334632999,-0.144399758,-0.039067699,-0.152212437,-0.495933262,-0.095130052,-0.005395803,0.247840722,0.15092218,0.252875584,-0.001964944,-0.09769034,0.791315187,0.136344536,-0.293563456,0.430004873,0.004857797,0.213963615,-0.150610098,-0.16396384,-0.439069098,0.165400502,-0.003709937,0.062022928
280975,0.544997764,1.175805555,0.213464536,0.972874063,0.85241629,1.214603662,1.486508879,1.207212255,1.547261113,0.698510011,0.674635524,0.560719468,0.907950031,1.200724874,0.809855527,0.68407263,0.907759592,0.301227935,1.172976979,1.055849912,1.326376439,1.362030202,1.229966781,1.188294986,1.371877002,1.207091956,1.353244981,0.140382606,0.81102228,1.342047494,0.968456139,1.138530648,1.143599799,0.86202276,0.963956923,1.060896214,0.703572591,1.127797384,1.527520806,1.43546248,1.367664534,1.360570352,1.423344935,0.460999469,0.951063434,1.290426588,1.211168107,1.260332649,0.846761312,0.459113459,1.64460423,0.461472551,1.427445968,1.357819341,1.449401623,1.384366662,1.166611337,1.250770409,1.339587838,1.296882913,1.104632167,1.270762834,1.228930386,1.269643609,1.096077956,0.881219639,0.858922805,1.085815396,1.202691346,1.634668787,1.485613338,1.43056217,1.120719598,0.963080653,1.315737381,1.738617106,0.387965953,0.667912109,0.560201516,1.360898338,1.304824189,1.300277987,0.675643923,0.748731079,1.547284501,1.077653597,1.142586541,1.33579625,1.301393008,1.214455353
278116,0.449479429,0.278566779,0.728198538,0.718792086,0.284794903,0.630632043,0.746323938,0.698681882,0.493861827,0.453251639,0.67772674,0.322428212,0.844560913,0.598740624,0.125969889,0.251958451,0.797234434,-0.044984424,0.436537182,0.322035792,0.387099772,0.425568815,0.767649062,0.816073869,0.512261802,0.545991155,0.468497933,-0.080980392,0.825369126,0.431228842,0.384291095,0.480817105,0.338380552,0.708666179,0.561858664,0.464261538,0.490424883,0.445022675,0.66263559,0.236357531,0.526972812,0.752006107,0.593222745,-0.08184107,0.560634455,0.533938408,0.531383819,0.634422368,0.494479845,0.018465818,0.772997175,-0.011663596,0.219657462,0.450090122,0.328320806,0.427026767,0.709590786,0.4475478,0.322591239,0.702010757,0.383164515,0.568729392,0.419309751,0.420368113,0.325711659,0.638587852,0.885949307,0.457116673,0.41440253,0.360821159,0.329647797,0.615003445,0.600560169,0.541124916,0.569367307,0.453888214,-0.03822619,0.092490921,0.531804906,0.809751662,0.495060762,0.311884827,0.535624596,0.502456415,0.370573278,-0.087166301,0.344270709,0.639942766,0.587468275,0.618036457
279949,-0.170752438,0.209580487,-0.969243762,0.00356798,-0.395830906,-0.069344131,-0.464025819,-0.068545006,-0.283032334,-0.158092474,0.166615997,-0.116275929,-0.158922301,-0.087447246,-0.243460059,-0.49090019,-0.273620084,-0.28183094,-0.115656529,-0.090133484,-0.259125763,-0.232917474,-0.535650171,-0.494887816,-0.460756814,-0.473855242,0.05602224,-0.829404217,0.311834814,-0.317241369,-0.240126575,0.500990288,-0.345911685,0.032070972,-0.087531426,0.029591844,0.615683747,-0.375263796,-0.065478377,-0.158984885,0.014853958,0.436679845,0.127829561,-0.276403127,-0.5407054,-0.747978225,-0.495290851,-0.703381127,-0.192766354,-0.175526887,-0.458491305,-0.417457609,-0.404660483,-0.1413955,-0.153953751,-0.314365477,0.04177896,-0.150202047,-0.155631154,-0.186568701,-0.077444149,0.135858899,-0.026194216,-0.533853906,-0.316250472,-0.356790771,-0.487544019,0.012657003,-0.067745016,0.248828571,0.175434048,-0.431250244,-0.373930327,0.14957958,0.241172569,-0.087314569,-0.302574944,-0.230796578,0.101836607,-0.092736005,-0.335032204,-0.049043311,-0.03287903,-0.024883223,-0.09203265,-0.466495853,-0.169881465,0.14073311,0.11777334,-0.224332243
286391,0.275800631,0.476819917,1.159436741,0.368363968,0.204962876,0.232581547,0.685488206,0.180120589,0.321028468,0.171271504,0.342480056,-0.239499859,1.483236161,-0.254261677,-0.316928035,-0.19602596,0.177611209,-0.094134263,0.416451705,0.322111649,-0.07350676,-0.118311691,0.033093885,0.165045888,0.323729241,-0.273162638,-0.162677396,1.144736384,0.187242169,0.526753519,0.104390803,-0.159355546,-0.065877466,0.369019831,0.41314947,0.370951743,1.117700468,0.736199528,-0.31399473,-0.235281784,-0.221908727,-0.694387119,0.344156263,-0.041777576,1.061414015,1.052828869,1.218801074,0.586175737,0.830619767,-0.184011069,-0.238327953,0.012428804,-0.21055255,0.482505845,0.113807959,0.463205913,0.274550597,-0.682458223,0.585332829,-0.287086975,0.371086164,0.443774369,0.413074572,0.466161538,0.317429958,0.471040337,-0.139328662,-0.125061825,0.521638373,0.314226127,-0.688662978,0.605689561,0.162135432,0.25014202,0.402196511,0.21158985,0.01661409,-0.161604246,1.151446877,0.227128015,0.350320033,0.423322486,0.339376978,0.310388565,0.474635762,-0.023097357,0.471112795,0.595337438,0.585216648,0.447174188
289328,0.402864883,-0.50361686,-0.965141936,0.334292662,-0.519948462,-0.540183767,-0.63652846,-0.120003272,-1.179141285,0.167057676,0.417962486,0.077154938,-0.26577559,-0.22147288,-0.246826451,-0.285640052,0.234816828,-0.336956965,-0.309038694,0.082833697,-0.200390934,-0.581827566,-0.332440703,-0.186048064,-0.060567922,0.039256265,-0.869058823,-0.451959072,0.343279515,-0.342676631,-0.629959566,-0.896187024,-0.228043931,0.193935844,-0.40479,-0.390555384,0.340470672,-0.379393427,-0.839615401,-0.457593659,-0.281212237,-0.549596716,-1.042202216,-0.337620156,-0.065315021,-1.369074638,-0.38611164,-0.559333924,0.09682397,-0.501164805,-0.516670181,-0.488880607,-0.431615751,-0.524808754,-0.274633403,-0.19651142,-0.439992316,-0.52510109,0.467520488,-0.268589826,0.166322255,0.077967024,0.076758834,0.275329556,-0.354285006,0.266829305,0.131397887,-0.475168638,0.069003254,0.059779977,-0.364784774,0.01080195,0.297625721,-0.039879015,-0.061991794,-0.439426316,-0.305787046,-0.45834616,-0.261986837,0.010241838,-0.508648729,-0.062137471,-0.175398058,-0.100111069,0.001520052,0.227348465,-0.986081165,-0.468343014,-0.455816726,-0.497772272
286221,-0.635031645,-0.80911614,0.440252647,-0.5226013,-1.004794907,-0.856929096,-1.181147634,-0.76899195,-1.186590755,-1.447981866,-1.146987541,-1.074413723,-0.893217882,-0.984776305,-1.47057208,-1.071764129,-1.160836319,-0.638150217,-0.850652496,-1.017045909,-1.052538813,-1.203342491,-1.073454408,-1.06736107,-1.035409449,-1.433322678,-1.271539266,0.396177298,-1.474321767,-0.867890014,-1.034342669,-1.459347391,-1.103307668,-1.122261173,-0.865784268,-0.695961181,-0.496092313,-1.23651526,-1.051111953,-1.439191986,-1.462135953,-1.175151351,-1.334391437,-0.782516609,-0.087267045,-0.831378837,-0.756507858,-0.902058297,-0.640380599,-0.783176161,-1.747241848,-0.719474885,-1.420385308,-1.18506279,-1.763712567,-0.784713325,-0.855472322,-1.456521074,-0.813296444,-1.142610691,-0.637088906,-0.895923157,-0.832803951,-0.921915332,-1.164362276,-0.950473993,-1.353791635,-1.059017032,-0.911198674,-0.846123201,-1.361301336,-1.406095074,-0.959875974,-0.379700055,-1.712957818,-1.02575285,-0.620121514,-0.898414598,-0.789909888,-0.792756319,-1.167362456,-0.970233248,-0.352563888,-0.367416416,-1.065518216,-0.956036357,-0.967413468,-1.138056584,-1.2815793,-0.634706938
282436,0.582175938,0.927518731,1.2408685,0.689699883,-0.099584406,0.097930474,0.228888826,0.054630767,0.245250357,0.651817744,0.500781469,0.390527004,0.953997519,0.374227452,0.367896687,0.076665988,0.771675365,0.081810667,0.418166269,0.738869983,0.225064887,0.334924895,0.557079188,0.408491524,0.523356846,0.535784484,0.519812137,0.807041688,0.823634813,0.810861769,0.251342483,0.610976719,0.371818909,0.543586974,0.565818347,0.498619242,0.857645712,0.435420191,0.603216007,0.717060093,0.497782093,0.699618629,-0.065095981,-0.006020093,0.511078066,0.396130706,0.546870509,0.78293537,0.532081484,0.0996307,0.581598907,0.0215062,0.457976152,0.718389123,0.232743385,0.557714247,0.651810533,0.817406961,0.920031021,0.911822045,0.795992218,0.855297767,0.878516494,0.949947628,0.739161331,0.707103538,0.67578902,0.358696897,0.871023286,1.13853253,0.955745838,1.069586039,0.899745659,0.718875184,0.823844735,0.332435357,-0.049156128,0.214422816,1.112435587,0.521809731,0.326778641,0.528378496,0.521996116,0.441317923,0.367618531,0.638582835,0.178804069,0.45846197,0.431839004,0.342884295
276842,1.145125585,0.902853228,-0.890371296,1.047823652,0.916707484,1.328658836,1.393215211,1.454516785,1.758946385,0.842598363,0.706324482,0.311757916,1.191603722,1.558685433,0.958637409,0.870922726,0.920265603,0.652907964,1.345805589,0.9860837,0.812757466,1.887367692,1.404689509,1.146432886,0.819211111,1.123919564,2.030226404,-0.509730631,0.470848084,2.208912038,1.667295346,2.254079566,1.235268022,0.38289248,1.709156677,1.758509742,0.751369168,1.718032248,2.181505247,1.035179313,1.97381047,1.58910208,1.798101896,0.500869312,0.932421701,1.37631278,1.107047949,1.00012908,1.180166418,0.535530961,1.488357425,0.416396677,1.558888773,2.025116347,0.883743439,1.980745422,0.873746131,1.0080424,1.137403708,1.005676204,0.851433345,1.138259384,1.022934018,0.867349218,0.73362985,1.112337548,1.041182586,0.965775303,1.043208879,1.311021111,1.29693308,0.629198785,0.746741682,1.491266782,1.425572173,2.401970537,0.604663778,0.985233574,0.877863524,1.638638923,1.625529119,1.886007804,0.760785297,0.993153423,1.225148181,1.406982418,1.198657001,2.155668351,2.02694074,1.946550225
288697,-0.546585738,-0.920020144,-0.125195024,-0.3962493,-1.151901873,-1.044434685,-1.444013079,-0.485584863,-0.997426419,-1.396982372,-1.214909174,-0.970651714,-0.876023176,-0.540336611,-1.107087536,-1.237300805,-0.87572292,-0.554482468,-0.617427988,-1.002519764,-1.119303471,-1.18873277,-1.228212815,-1.347457791,-0.894326264,-1.177114805,-1.185407973,-7.06E-05,-1.316799552,-0.693194329,-0.83651592,-1.772103722,-0.97392098,-1.058975426,-0.759076242,-0.917047335,-0.464643949,-0.811175481,-1.160239425,-1.19369717,-1.077777999,-1.333147221,-1.768455965,-0.713492351,-0.552205865,-0.529061808,-0.447431872,-1.371460915,-0.670616498,-0.710785202,-1.292220257,-0.712569445,-1.998276279,-1.068960323,-1.57549599,-0.88147058,-1.315819683,-1.620342852,-0.854712831,-1.281051483,-0.951385452,-1.23027925,-0.972208079,-1.266058352,-1.227454223,-1.039091906,-1.161920661,-1.192875218,-1.23808889,-1.033275839,-1.574703639,-1.540498589,-0.894945566,-0.552039205,-1.324212016,-0.983169033,-0.598527712,-0.833558517,-1.103832277,-0.950661185,-1.709516355,-0.501018998,-0.505789392,-0.449933324,-0.930770259,-0.643016431,-1.401731633,-0.842264072,-1.022677744,-0.996519174
286257,-1.075253441,-0.633364325,0.449965233,-0.713927168,-1.244083898,-1.024210872,-1.617891302,-1.49074663,-2.144916682,-1.81087983,-1.41987019,-1.351890403,-0.856484302,-1.079170649,-1.968591017,-1.412227416,-1.20263896,-0.799612928,-1.276181121,-1.225585095,-1.273205728,-1.841180913,-1.635837098,-1.986066851,-1.796814367,-1.885547377,-1.552522019,0.731091962,-1.53845178,-1.274721133,-1.643111245,-1.41240712,-1.448166765,-1.329935113,-1.545228203,-1.122633706,-0.306603055,-0.951292596,-1.32077803,-1.558064007,-1.423107145,-1.45396433,-1.363730313,-1.016834185,-0.57366203,-1.530464006,-0.467256031,-1.136628498,-0.769032974,-0.816099704,-1.68164191,-0.792283305,-1.460399255,-1.503691406,-1.841630095,-1.717285235,-1.045562916,-1.578252449,-1.11353987,-1.328596356,-0.8412484,-1.13648907,-0.835406284,-1.102897981,-1.228518031,-1.174541318,-1.850456905,-0.856579746,-0.857884968,-1.143530554,-1.265383969,-1.522417843,-1.317892544,-0.951576305,-1.381616188,-1.199615113,-1.102372876,-1.017627795,-0.546541667,-1.317269497,-1.290576827,-0.997320167,-0.533910106,-0.598259153,-1.476687581,-1.513590321,-0.833815899,-1.647321147,-1.809714143,-0.943393536
275175,0.102296026,0.20958215,1.132350693,0.227818495,0.051561989,0.329295247,0.346338206,-0.020297352,-0.169704636,-0.196564114,-0.198020284,0.01188182,-0.227490371,0.278758061,-0.149427161,-0.071272345,0.075855573,-0.302990398,0.093007036,0.13771597,-0.171980033,-0.189500363,-0.165358305,-0.231963096,-0.097760372,-0.152364701,-0.15555801,0.970794401,0.066112175,-0.028584094,-0.171676392,0.045793568,-0.10027477,-0.25225724,-0.118289536,-0.137353846,-0.023136399,-0.117454005,0.115295173,-0.211811594,0.094346359,-0.141515352,0.312664476,-0.205807131,0.3640537,0.719742076,0.455673309,0.114130463,0.359937437,-0.108600202,0.397863419,-0.101775564,0.123729791,0.108128879,-0.073537094,-0.070488243,0.076088617,-0.430589032,-0.084043178,0.171400181,-0.017082807,0.193151429,-0.052941413,0.169927734,-0.233030576,-0.047218755,0.093590908,0.164393117,0.200593101,-0.289102767,0.065144609,-0.040350877,-0.019285234,0.145293466,0.426140982,-0.051823776,-0.356931072,-0.244463403,0.502055588,0.092788224,0.351137344,-0.242691984,0.102734267,0.060958773,-0.09568984,-0.363234502,0.441062117,-0.053441704,-0.095389493,0.273557025
